reviewText,overall
great battery life lasts all day,1
screen is too dim for outdoor use,0
fast charging is amazing,1
product arrived damaged,0
excellent sound quality,1
battery drains too quickly,0
the camera takes stunning photos,1
very poor build quality,0
lightweight and portable,1
shipping was extremely slow,0
highly recommend this product,1
not worth the money,0
easy to set up and use,1
customer service is terrible,0
great value for the price,1
defective out of the box,0
love the design and color,1
feels cheap and flimsy,0
works perfectly as described,1
would not buy again,0
amazing product very satisfied,1
disappointed with the quality,0
excellent customer support,1
product stopped working after a week,0
nice packaging and presentation,1
too expensive for what it offers,0
very reliable and durable,1
software is buggy and slow,0
sleek and modern design,1
delivery was late,0
great for everyday use,1
poor quality control,0
excellent battery life,1
screen cracked easily,0
fast and responsive,1
terrible sound quality,0
love the compact size,1
not as described,0
works great no issues,1
waste of money,0
very comfortable to use,1
arrived broken,0
top quality product,1
slow shipping,0
amazing features for the price,1
customer support is unhelpful,0
sturdy and well-built,1
software crashes frequently,0
perfect for travel,1
overpriced and underwhelming,0
great product will buy again,1
not worth the hype,0
excellent performance,1
battery life is poor,0
love the sleek design,1
defective unit received,0
highly functional and practical,1
service was disappointing,0
great addition to my setup,1
fragile and breaks easily,0
good quality fair price,1
customer service was rude,0
works like a charm,1
delivery took forever,0
very user-friendly,1
cheap materials used,0
excellent for gaming,1
screen is too small,0
fast delivery great product,1
not compatible with my device,0
love the color options,1
product feels cheap,0
great sound for music,1
battery doesn't last long,0
smooth and responsive,1
poor craftsmanship,0
worth every penny,1
arrived late and damaged,0
excellent for work,1
too heavy and bulky,0
very stylish and modern,1
software needs improvement,0
great customer experience,1
product malfunctioned quickly,0
perfect for beginners,1
not durable at all,0
high-quality materials,1
shipping cost too high,0
love the performance,1
terrible build quality,0
very practical and useful,1
screen resolution is poor,0
great buy highly recommend,1
customer service was helpful,1
product is durable and strong,1
charges very slowly,0
amazing design and feel,1
not what I expected,0
works flawlessly,1
return process was difficult,0
great for the price,1
battery overheats quickly,0
sleek and portable,1
software is intuitive,1
product is unreliable,0
great value and quality,1
shipping was fast,1
love the product,1
disappointed with performance,0
excellent for daily use,1
poor battery performance,0
amazing customer support,1
product arrived on time,1
highly versatile and useful,1
not suitable for my needs,0
great features good price,1
frequent software crashes,0
durable and long-lasting,1
screen is too bright,0
very satisfied with purchase,1
not user-friendly at all,0
perfect size for traveling,1
poor sound isolation,0
great for streaming videos,1
battery drains fast,0
love the interface,1
product is too fragile,0
fast shipping and good quality,1
instructions were unclear,0
excellent build quality,1
overpriced for features,0
comfortable to hold,1
breaks after few uses,0
great product for kids,1
not worth the price tag,0
smooth operation,1
terrible camera quality,0
love the ergonomic design,1
shipping was prompt,1
product works as expected,1
customer support was slow,0
highly recommended product,1
defective upon arrival,0
great gift idea,1
quality is subpar,0
easy installation process,1
software is outdated,0
sturdy construction,1
price is too high,0
excellent for professionals,1
battery life is average,0
love the minimalist design,1
product is poorly made,0
fast and efficient,1
not worth the investment,0
great product overall,1
customer service was rude,0
very reliable device,1
shipping costs are high,0
excellent audio quality,1
product feels premium,1
software has many bugs,0
great for on-the-go,1
screen quality is low,0
very impressed with quality,1
not as advertised,0
works great for my needs,1
delivery was delayed,0
amazing product quality,1
battery is weak,0
love the compact design,1
poor customer experience,0
excellent for students,1
product is overrated,0
fast charging is a plus,1
screen is too reflective,0
great value purchase,1
not reliable enough,0
very practical design,1
software is user-friendly,1
product is disappointing,0
great for outdoor use,1
battery charges quickly,1
durable and well-made,1
customer service is helpful,1
product is too expensive,0
sleek and elegant design,1
poor performance overall,0
great for daily commute,1
screen is not responsive,0
excellent product quality,1
shipping was very fast,1
not a good investment,0
love the product features,1
product arrived broken,0
very satisfied with service,1
battery life is impressive,1
cheap and low quality,0
great for photo editing,1
software needs updates,0
highly functional product,1
delivery was on time,1
product is very versatile,1
overpriced and mediocre,0
excellent for home use,1
screen size is perfect,1
customer support is great,1
battery swelled up,0
love the design,1
product stopped working,0
great for professionals,1
shipping was affordable,1
works without issues,1
not durable enough,0
excellent for entertainment,1
battery is unreliable,0
great packaging design,1
software is hard to use,0
product is very reliable,1
customer service responded quickly,1
price is reasonable,1
screen quality is amazing,1
product is lightweight,1
great for gaming,1
battery doesn't charge fully,0
love the sound quality,1
product is fragile,0
fast delivery and good packaging,1
not user-friendly,0
great product for beginners,1
software keeps crashing,0
very comfortable design,1
poor build materials,0
excellent value,1
shipping was a nightmare,0
product works perfectly,1
customer support was unhelpful,0
great for travel,1
battery life is short,0
love the color,1
product is disappointing,0
highly recommend to everyone,1
not worth the money spent,0
great for daily tasks,1
screen is too dark,0
excellent craftsmanship,1
software updates are slow,0
very practical and useful,1
product is too bulky,0
great for kids,1
battery drains overnight,0
love the functionality,1
not as durable as claimed,0
excellent for work,1
shipping was reasonable,1
product is well-designed,1
customer service is excellent,1
great price for quality,1
battery performance is poor,0
sleek and stylish,1
product has defects,0
great for entertainment,1
software is glitchy,0
highly durable product,1
delivery took long,0
love the performance,1
not reliable at all,0
great for office use,1
screen has dead pixels,0
excellent customer experience,1
product is too simple,0
great for gaming and streaming,1
battery is replaceable,1
great support from team,1
product quality is low,0
fast and responsive device,1
shipping cost is reasonable,1
love the portability,1
not worth the hassle,0
great for photo editing,1
screen is bright enough,1
software is complicated,0
product is very useful,1
battery is long-lasting,1
great customer care,1
product exceeded expectations,1
not as good as advertised,0
excellent for music lovers,1
shipping was quick,1
great for everyday use,1
battery drains too fast,0
product is well-made,1
customer service is slow,0
great features and design,1
software is easy to use,1
product is average,0
great for outdoor activities,1
screen is clear and crisp,1
love the product quality,1
not reliable for long-term,0
great for home office,1
battery charges fast,1
product is highly recommended,1
poor quality materials,0
great shipping experience,1
software has security issues,0
product is very durable,1
customer service is responsive,1
great price for features,1
battery is not original,0
love the design and feel,1
product is defective,0
great for presentations,1
screen is not sensitive,0
excellent for daily use,1
shipping was delayed again,0
product is well-packaged,1
software is bug-free,1
great for travelers,1
battery is powerful,1
customer support is knowledgeable,1
product is high quality,1
not impressed at all,0
great for reading,1
screen resolution is high,1
love the compact size,1
product is lightweight,1
great for streaming,1
battery life is excellent,1
highly functional device,1
product is sturdy,1
customer service is wonderful,1
great for photography,1
screen color is vivid,1
product is reliable,1
software is efficient,1
great for business,1
battery performance is great,1
product is well-designed,1
customer support is amazing,1
great for everyday tasks,1
screen is beautiful,1
product is very practical,1
battery is long-lasting,1
great for entertainment purposes,1
software runs smoothly,1
product is worth the money,1
customer service is top-notch,1
great for students,1
screen is crystal clear,1
product is durable and strong,1
battery is efficient,1
great for work and play,1
software is well-designed,1
product is very versatile,1
customer experience is great,1
great for office work,1
screen is amazing,1
product is high-performing,1
battery charges fast,1
great for creative work,1
software is user-friendly,1
product is very reliable,1
customer support is excellent,1
great for daily commute,1
screen is responsive,1
product is value for money,1
battery is powerful,1
great for content creation,1
software is intuitive,1